ID,Name,PoI ID,PoI Name,To ID,To Name,Latitude,Longitude,Elevation
GA-GA1,Braga,,,,,41.54979,-8.42741,186
,,AG-AG1-1,Braga Cathedral,,,41.55022,-8.42693,186
,,AG-AG1-2,Posto de Turismo de Braga,,,41.55107,-8.42259,189
,,AG-AG1-3,Arco da Porta Nova,,,41.55028,-8.42934,177
,,AG-AG1-4,Chafariz do Castelos,,,41.55076,-8.42635,187
,,AG-AG1-5,Jardim de Santa Bárbara,,,41.55138,-8.42590,187
,,AG-AG1-6,Praça da Republica,,,41.55143,-8.42301,190
,,AG-AG1-7,Praça da Republica,,,41.54991,-8.42478,--
,,AG-AG1-7,Igreja de Santa Cruz de Braga,,,41.54952,-8.42430,189
,,AG-AG1-8,Igreja de S. Marcos,,,41.54919,-8.42340,184
,,AG-AG1-9,Palácio do Raio,,,41.54859,-8.42253,182
,,AG-AG1-10,Termas Romanas do Alto da Cividade,,,41.54642,-8.42958,196
,,AG-AG1-11,Museu de Arqueologia D. Diogo de Sousa,,,41.54622,-8.42717,184
,,AG-AG1-12,Estrada do Bom Jesus do Monte,,,41.55485,-8.37704,402
,,,,GA-GA2,San Martinho de Dume,41.56925,-8.43447,99
GA-GA2,San Martinho de Dume,,,,,41.56925,-8.43447,99
,,,,GA-GA3,Palmeira,41.59483,-8.43478,79
GA-GA3,Palmeira,,,,,41.59483,-8.43478,79
,,,,GA-GA4,Ponte do Bico,41.60777,-8.43016,29
GA-GA4,Ponte do Bico,,,,,41.60777,-8.43016,29
,,GA-GA4-1,Ponte do Bico,,,41.60660,-8.42944,26
,,,,GA-GA5,Lago,41.62017,-8.41438,71
,,,,GA-MR1,Loureira,41.63333,-8.42407,68
GA-GA5,Lago,,,,,41.62017,-8.41438,71
,,,,GA-GA6,Rendufe,41.63597,-8.40668,58
GA-GA6,Rendufe,,,,,41.63597,-8.40668,58
,,GA-GA6-1,Mosteiro de Santo André de Rendufe,,,41.63598,-8.40590,61
,,,,GA-GA7,Bico,41.64224,-8.40322,73
GA-GA7,Bico,,,,,41.64224,-8.40322,73
,,GA-GA7-1,São Bento Square,,,41.63983,-8.40429,88
,,,,GA-GA8,Fiscal,41.65322,-8.39595,77
GA-GA8,Fiscal,,,,,41.65322,-8.39595,77
,,,,GA-GA9,Torre,41.65926,-8.38549,93
GA-GA9,Torre,,,,,41.65926,-8.38549,93
,,,,GA-GA10,Caldelas,41.66789,-8.37577,133
GA-GA10,Caldelas,,,,,41.66789,-8.37577,133
,,,,GA-GA11,Real,41.67321,-8.36092,209
GA-GA11,Real,,,,,41.67321,-8.36092,209
,,,,.,,41.67611,-8.35366,318
,,,,GA-GA12,Covas,41.67677,-8.34742,288
GA-GA12,Covas,,,,,41.67677,-8.34742,288
,,,,.,,41.67402,-8.34730,324
,,,,.,,41.67522,-8.34545,351
,,,,GA-GA13,Parahos,41.67291,-8.34572,384
GA-GA13,Parahos,,,,,41.67291,-8.34572,384
,,,,.,,41.67918,-8.33466,459
,,,,GA-GA14,Santa Cruz,41.68005,-8.32575,415
GA-GA14,Santa Cruz,,,,,41.68005,-8.32575,415
,,GA-GA14-1,Via Geira,,,41.68011,-8.32498,419
,,,,.,,41.68741,-8.32222,443
,,,,.,,41.69609,-8.31871,444
,,,,GA-GA15,Geira Fork,41.69690,-8.31490,446
GA-GA15,Geira Fork,,,,,41.69690,-8.31490,446
,,,,.,,41.69532,-8.30853,438
,,,,.,,41.69390,-8.30978,459
,,,,.,,41.69236,-8.30226,457
,,,,GA-GA16,São Sebastião de Geria,41.69633,-8.29855,453
,,,,.,,41.70365,-8.31322,267
,,,,.,,41.70368,-8.30947,225
,,,,.,,41.70998,-8.30749,234
,,,,.,,41.71297,-8.30958,210
,,,,GA-TB1,Terras de Bouro,41.71872,-8.30812,162
GA-GA16,São Sebastião de Geria,,,,,41.69633,-8.29855,453
,,,,.,,41.69776,-8.29222,466
,,,,.,,41.69817,-8.29536,444
,,,,.,,41.70114,-8.29661,434
,,,,.,,41.70233,-8.29206,456
,,,,.,,41.70388,-8.29585,447
,,,,.,,41.70903,-8.28595,449
,,,,.,,41.71049,-8.29535,428
,,,,.,,41.71526,-8.28958,423
,,,,GA-GA17,Road to Travessos,41.72231,-8.27646,445
GA-GA17,Road to Travessos,,,,,41.72231,-8.27646,445
,,GA-GA17-1,Junction with route from Terras de Bouro,,,41.71527,-8.28957,423
,,,,.,,41.72023,-8.27317,457
,,,,.,,41.72526,-8.27064,454
,,,,.,,41.72451,-8.26363,479
,,,,.,,41.73040,-8.25679,465
,,,,GA-GA18,N307 Crossing,41.73387,-8.24224,479
GA-GA18,N307 Crossing,,,,,41.73387,-8.24224,479
,,,,GA-GA19,Covide,41.73843,-8.21469,542
GA-GA19,Covide,,,,,41.73843,-8.21469,542
,,,,.,,41.74960,-8.19703,629
,,,,.,,41.75462,-8.20121,634
,,,,GA-GA20,Campo de Gerês,41.75926,-8.19651,633
GA-GA20,Campo de Gerês,,,,,41.75926,-8.19651,633
,,GA-GA20-1,Museu Etnográfico de Campo do Gerês,,,41.75216,-8.19784,617
,,GA-GA20-2,Museu da Geira,,,41.75094,-8.19770,623
,,GA-GA20-3,Ponte de Eixões,,,41.75218,-8.19938,616
,,GA-GA20-4,Parque Nacional da Peneda-Gerês,,,41.76848,-8.18837,--
,,GA-GA20-4,Reservatório Vilharinho das Furnas,,,41.77637,-8.19133,560
,,,,.,,41.75815,-8.19415,623
,,,,.,,41.76709,-8.19036,647
,,,,GA-GA21,Ribeiro do Sarihão,41.77268,-8.17368,599
GA-GA21,Ribeiro do Sarihão,,,,,41.77268,-8.17368,599
,,GA-GA21-1,Fonte do Vale dos Porcos,,,41.79062,-8.15388,636
,,GA-GA21-2,Fonte do Balsada,,,41.79336,-8.14484,650
,,GA-GA21-3,Pools of the Homem River,,,41.79518,-8.13576,654
,,,,.,,41.79452,-8.14701,618
,,,,.,,41.79257,-8.13781,660
,,,,GA-GA22,Ponte de São Miguel,41.79924,-8.13422,671
GA-GA22,Ponte de São Miguel,,,,,41.79924,-8.13422,671
,,GA-GA22-1,Ascent to Portela do Homem,,,41.79989,-8.13345,679
,,,,GA-GA23,Portela do Homem,41.80911,-8.13146,760
GA-GA23,Portela do Homem,,,,,41.80911,-8.13146,760
,,GA-GA23-1,Miliaria Gallery,,,41.80871,-8.13145,760
,,,,GA-GA24,As Mourás,41.81885,-8.12670,650
GA-GA24,As Mourás,,,,,41.81885,-8.12670,650
,,,,GA-GA25,Os Báños,41.86281,-8.10628,380
GA-GA25,Os Báños,,,,,41.86281,-8.10628,380
,,GA-GA25-1,Aquis Originis,,,41.85657,-8.10719,395
,,GA-GA25-2,Presa Termal,,,41.86258,-8.10654,378
,,,,GA-GA26,Vilameá,41.87191,-8.09979,417
GA-GA26,Vilameá,,,,,41.87191,-8.09979,417
,,GA-GA26-1,Vilameá Cross,,,41.86592,-8.10228,430
,,GA-GA26-2,Devesa Bridge and Mill,,,41.87462,-8.09572,420
,,,,.,,41.87792,-8.09251,464
,,,,.,,41.88373,-8.09218,498
,,,,.,,41.88822,-8.08577,541
,,,,.,,41.89490,-8.08923,451
,,,,GA-GA27,Lobios,41.90175,-8.08412,410
GA-GA27,Lobios,,,,,41.90175,-8.08412,410
,,GA-GA27-1,Pazo das Frascas,,,41.89777,-8.08534,419
,,GA-GA27-2,Wayside Cross,,,41.90158,-8.08423,408
,,GA-GA27-3,Centro de Interpretación del Parque Natural Baixa Limia-Serra do Xurés,,,41.90158,-8.08423,408
,,GA-GA27-4,Rest Area and Drinking Fountain,,,41.90537,-8.08784,398
,,,,GA-GA28,Embalse de Lindoso,41.90954,-8.09267,319
GA-GA28,Embalse de Lindoso,,,,,41.90954,-8.09267,319
,,,,.,,41.91800,-8.09392,443
,,,,GA-GA29,A Feira Velia,41.92067,-8.09943,494
GA-GA29,A Feira Velia,,,,,41.92067,-8.09943,494
,,,,.,,41.92350,-8.10673,454
,,,,GA-GA30,O Casal,41.92421,-8.10835,471
GA-GA30,O Casal,,,,,41.92421,-8.10835,471
,,GA-GA30-1,Peto de Ánimas,,,41.92504,-8.10962,481
,,,,GA-GA31,Entrimo,41.93315,-8.11735,500
GA-GA31,Entrimo,,,,,41.93315,-8.11735,500
,,,,.,,41.93382,-8.12498,525
,,,,GA-GA32,Ferreiros,41.94053,-8.13235,528
GA-GA32,Ferreiros,,,,,41.94053,-8.13235,528
,,GA-GA32-1,Pontella do Folón,,,41.94774,-8.13753,467
,,,,.,,41.94225,-8.13542,496
,,,,.,,41.94774,-8.13733,465
,,,,.,,41.95419,-8.14041,587
,,,,GA-GA33,A Pereira,41.95578,-8.15058,699
GA-GA33,A Pereira,,,,,41.95578,-8.15058,699
,,GA-GA33-1,Granite Landscape of Baixa Limia - Serra do Xurés,,,41.96731,-8.16017,789
,,,,.,,41.96323,-8.16230,790
,,,,GA-GA34,Ameijoeira,41.98479,-8.15787,776
GA-GA34,Ameijoeira,,,,,41.98479,-8.15787,776
,,GA-GA34-1,Portugeuse Border Marker,,,41.98404,-8.15849,766
,,,,.,,41.99050,-8.15906,722
,,,,.,,41.99483,-8.16127,729
,,,,GA-GA35,Ponte da Cava da Velha,42.00316,-8.16406,752
GA-GA35,Ponte da Cava da Velha,,,,,42.00316,-8.16406,752
,,GA-GA35-1,Ponte e Moinhos da Assureira,,,42.00385,-8.16562,756
,,,,GA-GA36,Castro Laboreiro,42.03030,-8.15842,941
GA-GA36,Castro Laboreiro,,,,,42.03030,-8.15842,941
,,GA-GA36-1,Steep Ascent,,,42.01754,-8.16355,785
,,GA-GA36-2,Pelourinho de Castro Laboreiro,,,42.03007,-8.15841,941
,,GA-GA36-3,Castelo de Castro Laboreiroo,,,42.02290,-8.15858,984
,,GA-GA36-4,Dog Sculpture,,,42.02667,-8.15878,958
,,,,.,,42.03353,-8.16277,976
,,,,GA-GA37,Lazer das Vegas,42.04039,-8.16327,952
GA-GA37,Lazer das Vegas,,,,,42.04039,-8.16327,952
,,,,GA-GA38,Portelinha,42.05388,-8.17130,1030
GA-GA38,Portelinha,,,,,42.05388,-8.17130,1030
,,GA-GA38-1,Flood-prone Section,,,42.05997,-8.17629,1002
,,,,.,,42.06613,-8.18278,880
,,,,GA-GA39,Azoreira,42.07146,-8.18357,873
GA-GA39,Azoreira,,,,,42.07146,-8.18357,873
,,GA-GA39-1,Border Marker,,,42.06612,-8.18278,880
,,,,.,,42.07408,-8.18179,857
,,,,.,,42.07355,-8.17934,843
,,,,.,,42.07817,-8.17902,825
,,,,.,,42.08014,-8.17444,800
,,,,.,,42.08175,-8.17732,808
,,,,.,,42.09407,-8.17384,809
,,,,.,,42.10711,-8.16031,663
,,,,GA-GA40,Monterredondo,42.11170,-8.16012,571
GA-GA40,Monterredondo,,,,,42.11170,-8.16012,571
,,GA-GA40-1,Rest Area with Fountain,,,42.10977,-8.16128,591
,,,,GA-GA41,San Amaro,42.13339,-8.16531,433
GA-GA41,San Amaro,,,,,42.13339,-8.16531,433
,,GA-GA41-1,Rest Area with Fountain,,,42.12791,-8.16426,532
,,GA-GA41-2,Capela de San Miguel,,,42.12844,-8.16349,539
,,,,.,,42.13821,-8.16750,439
,,,,.,,42.14616,-8.16101,453
,,,,.,,42.14998,-8.15720,438
,,,,GA-GA42,Igrexa da Portela,42.15177,-8.15952,416
GA-GA42,Igrexa da Portela,,,,,42.15177,-8.15952,416
,,,,.,,42.15256,-8.15805,408
,,,,.,,42.15956,-8.16018,410
,,,,GA-GA43,Igrexa da San Xusto,42.16984,-8.15679,295
GA-GA43,Igrexa da San Xusto,,,,,42.16984,-8.15679,295
,,,,GA-GA44,Trado,42.17637,-8.15468,216
GA-GA44,Trado,,,,,42.17637,-8.15468,216
,,GA-GA44-1,Río Deva,,,42.18156,-8.15701,65
,,,,.,,42.17960,-8.15735,133
,,,,.,,42.18881,-8.15829,162
,,,,.,,42.18622,-8.16315,134
,,,,.,,42.18819,-8.16779,132
,,,,GA-GA45,Vilanova da Barca,42.18430,-8.17040,124
GA-GA45,Vilanova da Barca,,,,,42.18430,-8.17040,124
,,,,.,,42.18590,-8.17532,117
,,,,.,,42.19104,-8.17736,135
,,,,.,,42.19791,-8.17599,108
,,,,.,,42.20059,-8.17285,142
,,,,GA-GA46,Cortegada,42.20802,-8.17002,136
GA-GA46,Cortegada,,,,,42.20802,-8.17002,136
,,GA-GA46-1,Historic Spa,,,42.20231,-8.17436,70
,,,,.,,42.21627,-8.16784,152
,,,,GA-GA47,Rabiño,42.21550,-8.16412,156
GA-GA47,Rabiño,,,,,42.21550,-8.16412,156
,,GA-GA47-1,Peto de Ánimas,,,42.21622,-8.16777,153
,,,,.,,42.21768,-8.15992,200
,,,,.,,42.22000,-8.16112,196
,,,,.,,42.22810,-8.15711,278
,,,,.,,42.23342,-8.15932,215
,,,,GA-GA48,Meréns,42.23379,-8.16465,140
GA-GA48,Meréns,,,,,42.23379,-8.16465,140
,,GA-GA48-1,Pazo do Conde de Meréns,,,42.23326,-8.16380,145
,,GA-GA48-2,Peto de Ánimas,,,42.23317,-8.16374,145
,,,,.,,42.23905,-8.16710,103
,,,,GA-GA49,A Arnoia,42.25592,-8.14732,70
GA-GA49,A Arnoia,,,,,42.25592,-8.14732,70
,,GA-GA49-1,Rest Area,,,42.25598,-8.14733,71
,,,,.,,42.25477,-8.15211,69
,,,,.,,42.26344,-8.15855,69
,,,,GA-GA50,A Reza,42.26903,-8.15592,70
GA-GA50,A Reza,,,,,42.26903,-8.15592,70
,,,,.,,42.28042,-8.13933,66
,,,,GA-GA51,Ribadavia,42.28798,-8.14223,96
GA-GA51,Ribadavia,,,,,42.28798,-8.14223,96
,,GA-GA51-1,Porta Falsa,,,42.28773,-8.14183,92
,,GA-GA51-2,Praza Maior,,,42.28752,-8.14358,102
,,GA-GA51-3,Castelo dos Condes de Sarmiento,,,42.28695,-8.14408,107
,,GA-GA51-4,Museo Etnolóxico,,,42.28872,-8.14226,86
,,,,.,,42.29338,-8.14222,78
,,,,.,,42.30137,-8.13304,77
,,,,GA-GA52,San Cristovo de Regodeigón,42.30964,-8.13414,84
GA-GA52,San Cristovo de Regodeigón,,,,,42.30964,-8.13414,84
,,GA-GA52-1,Peto de Ánimas,,,42.30870,-8.13393,80
,,,,.,,42.32410,-8.12643,140
,,,,GA-GA53,Beade,42.32919,-8.12754,124
GA-GA53,Beade,,,,,42.32919,-8.12754,124
,,GA-GA53-1,Casa Grande de Pateira,,,42.33108,-8.12794,144
,,,,.,,42.34208,-8.14262,156
,,,,GA-GA54,Berán,42.35106,-8.14408,245
GA-GA54,Berán,,,,,42.35106,-8.14408,245
,,GA-GA54-1,Capilla de San Roque y Cruz de los Peregrinos,,,42.35765,-8.14420,309
,,,,.,,42.35498,-8.14721,298
,,,,.,,42.36310,-8.14166,295
,,,,.,,42.37282,-8.14729,284
,,,,GA-GA55,Lebosende,42.37589,-8.13278,217
GA-GA55,Lebosende,,,,,42.37589,-8.13278,217
,,,,.,,42.37898,-8.12798,217
,,,,.,,42.38564,-8.14185,198
,,,,.,,42.38758,-8.14051,146
,,,,.,,42.39545,-8.14342,105
,,,,.,,42.39690,-8.14838,105
,,,,GA-GA56,Pazos de Arenteiro,42.39855,-8.14566,132
GA-GA56,Pazos de Arenteiro,,,,,42.39855,-8.14566,132
,,GA-GA56-1,Ponte da Cruz,,,42.39569,-8.14318,98
,,GA-GA56-2,Historical-Artistic Ensemble,,,42.39856,-8.14507,135
,,GA-GA56-13,Pazo dos Cervela,,,42.39862,-8.14504,136
,,,,.,,42.40085,-8.15128,171
,,,,.,,42.40008,-8.15720,150
,,,,.,,42.40297,-8.16492,112
,,,,GA-GA57,Salón,42.40386,-8.16674,166
GA-GA57,Salón,,,,,42.40386,-8.16674,166
,,GA-GA57-1,Eiroa Fountain,,,42.40556,-8.16683,199
,,,,.,,42.40800,-8.16456,245
,,,,.,,42.40952,-8.17112,326
,,,,GA-GA58,O Igrexario,42.40917,-8.17815,438
GA-GA58,O Igrexario,,,,,42.40917,-8.17815,438
,,,,.,,42.41196,-8.17875,480
,,,,GA-GA59,Distriz,42.41092,-8.18101,518
GA-GA59,Distriz,,,,,42.41092,-8.18101,518
,,,,GA-GA60,Paredes,42.41368,-8.18441,556
GA-GA60,Paredes,,,,,42.41368,-8.18441,556
,,GA-GA60-1,View of thje Albarellos Reservoir,,,42.41339,-8.18447,553
,,,,.,,42.42262,-8.19279,526
,,,,GA-GA61,Vilachá,42.42796,-8.19452,511
GA-GA61,Vilachá,,,,,42.42796,-8.19452,511
,,,,.,,42.43231,-8.19506,505
,,,,.,,42.43950,-8.20656,478
,,,,GA-GA62,Feás,42.44223,-8.21045,502
GA-GA62,Feás,,,,,42.44223,-8.21045,502
,,GA-GA62-1,Café solidario para peregrinos O Camiño,,,42.43942,-8.20662,479
,,GA-GA62-2,Scenic View,,,42.44637,-8.21711,618
,,GA-GA62-3,Amilladoiro,,,42.44658,-8.21807,643
,,GA-GA62-4,Steep Ascent,,,42.44195,-8.21085,508
,,,,.,,42.44087,-8.21330,541
,,,,.,,42.44736,-8.21727,638
,,,,.,,42.45886,-8.22147,678
,,,,.,,42.46133,-8.23163,785
,,,,.,,42.45554,-8.23963,769
,,,,.,,42.46378,-8.24103,691
,,,,.,,42.46293,-8.25163,657
,,,,GA-GA63,Magros,42.46071,-8.25484,618
GA-GA63,Magros,,,,,42.46071,-8.25484,618
,,GA-GA63-1,Ó Labrego Sculpture,,,42.46038,-8.25651,604
,,,,.,,42.46108,-8.25963,657
,,,,.,,42.46281,-8.25766,687
,,,,GA-GA64,Beariz,42.46628,-8.27081,624
GA-GA64,Beariz,,,,,42.46628,-8.27081,624
,,GA-GA64-1,Area Recreativa de Barcia,,,42.47425,-8.27800,613
,,,,.,,42.47445,-8.27813,611
,,,,.,,42.48614,-8.29173,746
,,,,.,,42.50461,-8.30926,700
,,,,GA-GA65,Pardesoa,42.51482,-8.31243,612
GA-GA65,Pardesoa,,,,,42.51482,-8.31243,612
,,GA-GA65-1,Pilgrim Shrine/Cross,,,42.51837,-8.31025,600
,,,,.,,42.51687,-8.31167,587
,,,,.,,42.52002,-8.31066,599
,,,,GA-GA66,O Sisto,42.52246,-8.31183,573
GA-GA66,O Sisto,,,,,42.52246,-8.31183,573
,,GA-GA66-1,Pilgrims of O Sisto,,,42.52257,-8.31196,573
,,,,GA-GA67,Soutelo de Montes,42.53633,-8.30244,648
GA-GA67,Soutelo de Montes,,,,,42.53633,-8.30244,648
,,GA-GA67-1,Homenaxe ós Gaiteros de Soutelo de Montes,,,42.53655,-8.30390,650
,,,,.,,42.54416,-8.31680,583
,,,,GA-GA68,Ventoxo,42.54505,-8.32106,629
GA-GA68,Ventoxo,,,,,42.54505,-8.32106,629
,,,,GA-GA69,Fontela,42.55045,-8.32696,633
GA-GA69,Fontela,,,,,42.55045,-8.32696,633
,,,,GA-GA70,Acivedo,42.55467,-8.33531,603
GA-GA70,Acivedo,,,,,42.55467,-8.33531,603
,,,,.,,42.56677,-8.32956,570
,,,,GA-GA71,A Freixeira,42.56995,-8.33336,564
GA-GA71,A Freixeira,,,,,42.56995,-8.33336,564
,,,,.,,42.57258,-8.33731,579
,,,,GA-GA72,O Cachafeiro,42.57494,-8.34023,562
GA-GA72,O Cachafeiro,,,,,42.57494,-8.34023,562
,,,,.,,42.57651,-8.34071,551
,,,,.,,42.57670,-8.34502,545
,,,,.,,42.57831,-8.34954,526
,,,,.,,42.58025,-8.35065,508
,,,,GA-GA73,Ponte de Gomail,42.57961,-8.35347,485
GA-GA73,Ponte de Gomail,,,,,42.57961,-8.35347,485
,,,,GA-GA74,A Mámoa,42.58753,-8.38033,680
GA-GA74,A Mámoa,,,,,42.58753,-8.38033,680
,,GA-GA74-1,Cruceiro de Mámoa,,,42.58786,-8.37950,671
,,GA-GA74-2,Cruz do Arrieiro,,,42.59564,-8.38827,696
,,GA-GA74-3,Monolith,,,42.59498,-8.39475,698
,,,,.,,42.58936,-8.38373,700
,,,,.,,42.59625,-8.38701,697
,,,,.,,42.59531,-8.39486,697
,,,,.,,42.59778,-8.39955,674
,,,,.,,42.59562,-8.40356,629
,,,,.,,42.59931,-8.40450,601
,,,,.,,42.59910,-8.40911,580
,,,,GA-GA75,Vilaboa,42.60072,-8.40887,587
GA-GA75,Vilaboa,,,,,42.60072,-8.40887,587
,,,,GA-GA76,A Portela,42.60505,-8.41142,610
GA-GA76,A Portela,,,,,42.60505,-8.41142,610
,,,,.,,42.61003,-8.41149,576
,,,,GA-GA77,A Grela,42.61600,-8.41494,544
GA-GA77,A Grela,,,,,42.61600,-8.41494,544
,,GA-GA77-1,Grela Cross,,,42.61594,-8.42129,586
,,,,.,,42.61582,-8.41628,560
,,,,.,,42.61625,-8.42455,567
,,,,.,,42.62077,-8.42693,521
,,,,.,,42.62042,-8.42976,488
,,,,.,,42.62172,-8.43416,439
,,,,GA-GA78,Codeseda,42.61943,-8.43716,418
GA-GA78,Codeseda,,,,,42.61943,-8.43716,418
,,GA-GA78-1,Cruceiro de Codeseda,,,42.61930,-8.43752,416
,,,,.,,42.62201,-8.44066,402
,,,,.,,42.62766,-8.43866,382
,,,,.,,42.63170,-8.44374,385
,,,,.,,42.63830,-8.44100,388
,,,,.,,42.64594,-8.44422,322
,,,,GA-GA79,Parades,42.64743,-8.44718,309
GA-GA79,Parades,,,,,42.64743,-8.44718,309
,,,,.,,42.64994,-8.45610,328
,,,,.,,42.65257,-8.45481,313
,,,,.,,42.65698,-8.46074,332
,,,,GA-GA80,Tabeirós,42.66310,-8.46287,304
GA-GA80,Tabeirós,,,,,42.66310,-8.46287,304
,,,,GA-GA81,Sandán,42.67110,-8.45981,258
GA-GA81,Sandán,,,,,42.67110,-8.45981,258
,,,,.,,42.67222,-8.46138,243
,,,,GA-GA82,San Xiao de Guimarei,42.67707,-8.46711,262
GA-GA82,San Xiao de Guimarei,,,,,42.67707,-8.46711,262
,,GA-GA82-1,Wayside Cross,,,42.67622,-8.46688,261
,,GA-GA82-2,Pazo de Guimarei,,,42.68319,-8.47616,253
,,,,.,,42.68056,-8.47267,225
,,,,GA-GA83,A Estrada,42.68855,-8.48937,296
GA-GA83,A Estrada,,,,,42.68855,-8.48937,296
,,GA-GA83-1,Scultures of the Camino,,,42.68845,-8.48939,295
,,GA-GA83-2,Salmon Fisherman,,,42.68894,-8.48935,296
,,GA-GA83-3,Wayside Cross,,,42.69060,-8.49257,297
,,,,.,,42.69973,-8.50080,224
,,,,GA-GA84,Toedo,42.71360,-8.50307,223
GA-GA84,Toedo,,,,,42.71360,-8.50307,223
,,GA-GA82-1,Wayside Cross,,,42.71362,-8.50315,--
,,,,.,,42.72812,-8.50789,182
,,,,.,,42.72864,-8.52375,117
,,,,GA-GA85,O Rollo,42.73249,-8.52612,98
GA-GA85,O Rollo,,,,,42.73249,-8.52612,98
,,,,GA-GA86,Vilacriste,42.74590,-8.53439,61
GA-GA86,Vilacriste,,,,,42.74590,-8.53439,61
,,,,.,,42.74715,-8.53796,44
,,,,.,,42.74833,-8.54000,59
,,,,GA-GA87,Barco (Couso),42.75243,-8.54908,38
GA-GA87,Barco (Couso),,,,,42.75243,-8.54908,38
,,,,GA-GA88,Pontevea,42.76197,-8.54691,36
GA-GA88,Pontevea,,,,,42.76197,-8.54691,36
,,GA-GA88-1,Ponte Medieval de Pontevea,,,42.75984,-8.54801,25
,,,,GA-GA89,Reis,42.77178,-8.55335,72
GA-GA89,Reis,,,,,42.77178,-8.55335,72
,,GA-GA89-1,Cruceiro de Reis,,,42.77174,-8.55296,72
,,,,GA-GA90,Rarís,42.78230,-8.56215,133
GA-GA90,Rarís,,,,,42.78230,-8.56215,133
,,GA-GA90-1,Cruceiro de Rarís,,,42.78243,-8.56202,133
,,,,GA-GA91,Sestelo,42.79145,-8.56296,162
GA-GA91,Sestelo,,,,,42.79145,-8.56296,162
,,GA-GA91-1,Wayside Cross,,,42.78243,-8.56202,133
,,,,.,,42.79861,-8.56037,169
,,,,.,,42.80469,-8.56097,158
,,,,GA-GA92,Recesende,42.81324,-8.55845,172
GA-GA92,Recesende,,,,,42.81324,-8.55845,172
,,,,GA-GA93,Cacheiras,42.82153,-8.55072,200
GA-GA93,Cacheiras,,,,,42.82153,-8.55072,200
,,,,.,,42.82856,-8.55578,268
,,,,GA-GA94,Parque Montouto,42.84281,-8.54518,320
GA-GA94,Parque Montouto,,,,,42.84281,-8.54518,320
,,,,GA-GA95,Outeiro,42.84944,-8.54218,269
GA-GA95,Outeiro,,,,,42.84944,-8.54218,269
,,,,.,,42.85438,-8.54128,230
,,,,.,,42.86016,-8.54704,225
,,,,GA-GA96,Parque Eugenio Granell,42.86573,-8.54623,203
GA-GA96,Parque Eugenio Granell,,,,,42.86573,-8.54623,203
,,GA-GA96-1,Ponte de Sar,,,42.87253,-8.53587,209
,,GA-GA96-2,Meeting of the Camino Geira and Camino Sanabrés,,,42.87245,-8.53607,209
,,,,.,,42.87245,-8.53608,209
,,,,ST-ST1,Placeholder for ST-ST1,0.00000,0.00000,--
GA-TB1,Terras de Bouro,,,,,41.71872,-8.30812,162
,,GA-TB1-1,Fonte do Paço,,,41.71632,-8.30548,181
,,,,.,,41.71430,-8.29971,317
,,,,.,,41.71472,-8.29480,354
,,,,GA-GA17,Road to Travessos,41.72231,-8.27646,445
GA-MR1,Loureira,,,,,41.63333,-8.42407,68
,,,,.,,41.64125,-8.42301,37
,,,,GA-MR2,Vila Verde,41.64859,-8.42201,71
GA-MR2,Vila Verde,,,,,41.64859,-8.42201,71
,,,,.,,41.65449,-8.42092,37
,,,,GA-MR3,Lajes Boa Vista,41.66905,-8.41566,76
GA-MR3,Lajes Boa Vista,,,,,41.66905,-8.41566,76
,,,,.,,41.67250,-8.41475,105
,,,,.,,41.68334,-8.41568,68
,,,,GA-MR4,Pico de Regalados,41.68650,-8.41999,83
GA-MR4,Pico de Regalados,,,,,41.68650,-8.41999,83
,,,,.,,41.68893,-8.41935,72
,,,,GA-MR5,Avelada,41.69919,-8.41456,116
GA-MR5,Avelada,,,,,41.69919,-8.41456,116
,,,,GA-MR6,Vilarinho,41.70456,-8.40856,151
GA-MR6,Vilarinho,,,,,41.70456,-8.40856,151
,,,,.,,41.70815,-8.40486,172
,,,,GA-MR7,Atães,41.71266,-8.40855,189
GA-MR7,Atães,,,,,41.71266,-8.40855,189
,,,,GA-MR8,Portela de Vade,41.72522,-8.41534,307
GA-MR8,Portela de Vade,,,,,41.72522,-8.41534,307
,,GA-MR8-1,Ponte de Permedelos,,,41.73866,-8.42333,142
,,,,.,,41.73427,-8.41909,161
,,,,GA-MR9,Premedelos,41.74768,-8.42955,198
GA-MR9,Premedelos,,,,,41.74768,-8.42955,198
,,,,.,,41.75439,-8.43052,285
,,,,GA-MR10,Coto,41.76696,-8.42808,104
GA-MR10,Coto,,,,,41.76696,-8.42808,104
,,,,.,,41.77093,-8.43041,93
,,,,GA-MR11,Crasto,41.77536,-8.43043,142
GA-MR11,Crasto,,,,,41.77536,-8.43043,142
,,,,GA-MR12,Nogueira,41.78976,-8.42313,110
GA-MR12,Nogueira,,,,,41.78976,-8.42313,110
,,,,GA-MR13,Ponte de Barca,41.80837,-8.41923,29
GA-MR13,Ponte de Barca,,,,,41.80837,-8.41923,29
,,GA-MR14-1,Monumento a Fernão de Magalhães,,,41.80754,-8.41478,32
,,GA-MR14-2,Solar Nobre,,,41.80754,-8.41478,32
,,GA-MR14-3,Ponte da Barca,,,41.80958,-8.42072,18
,,GA-MR14-4,Ponte Românica sobre o Rio Vade,,,41.80837,-8.42266,18
,,,,.,,41.81185,-8.42091,54
,,,,GA-MR14,Gândara,41.81575,-8.42627,28
GA-MR14,Gândara,,,,,41.81575,-8.42627,28
,,,,GA-MR15,Arcos de Valdevez,41.84579,-8.41929,45
GA-MR15,Arcos de Valdevez,,,,,41.84579,-8.41929,45
,,GA-MR15-1,Largo da Lapa,,,41.84579,-8.41929,45
,,GA-MR15-2,Pelourinho de Arcos de Valdevez,,,41.84646,-8.41810,46
,,GA-MR15-3,Espaço Valdevez - História e Arqueologia,,,41.84683,-8.41829,48
,,GA-MR15-5,Ponte dos Arcos,,,41.84413,-8.41729,32
,,,,.,,41.84357,-8.41618,34
,,,,.,,41.85307,-8.40763,79
,,,,GA-MR16,Geila,41.85483,-8.41233,77
GA-MR16,Geila,,,,,41.85483,-8.41233,77
,,,,.,,41.86183,-8.41128,56
,,,,GA-MR17,Couto,41.87011,-8.41466,99
GA-MR17,Couto,,,,,41.87011,-8.41466,99
,,,,GA-MR18,Gondoriz,41.89164,-8.42011,114
GA-MR18,Gondoriz,,,,,41.89164,-8.42011,114
,,GA-MR18-1,Portal de Gondoriz,,,41.89156,-8.41971,116
,,,,.,,41.89352,-8.43041,83
,,,,.,,41.89699,-8.43470,66
,,,,GA-MR19,Zebra,41.90099,-8.43397,82
GA-MR19,Zebra,,,,,41.90099,-8.43397,82
,,,,.,,41.90454,-8.43426,102
,,,,.,,41.90934,-8.43661,65
,,,,GA-MR20,Vilela,41.91636,-8.43899,93
GA-MR20,Vilela,,,,,41.91636,-8.43899,93
,,,,.,,41.91932,-8.44193,93
,,,,.,,41.92170,-8.44057,86
,,,,.,,41.92114,-8.44203,69
,,,,GA-MR21,Bouças,41.92779,-8.44503,86
GA-MR21,Bouças,,,,,41.92779,-8.44503,86
,,,,GA-MR22,Loureda,41.93327,-8.43998,83
GA-MR22,Loureda,,,,,41.93327,-8.43998,83
,,,,.,,41.93386,-8.44426,138
,,,,GA-MR23,Alvora,41.93903,-8.44337,199
GA-MR23,Alvora,,,,,41.93903,-8.44337,199
,,,,.,,41.93752,-8.45174,229
,,,,.,,41.93981,-8.45103,241
,,,,GA-MR24,Casal,41.94413,-8.45832,209
GA-MR24,Casal,,,,,41.94413,-8.45832,209
,,,,GA-MR25,Extremo,41.96213,-8.46892,399
GA-MR25,Extremo,,,,,41.96213,-8.46892,399
,,GA-MR25-1,Forte de Bragandelo,,,41.96056,-8.47448,513
,,GA-MR25-2,Forte da Pereira,,,41.96274,-8.46624,440
,,,,GA-MR26,Portela,41.98971,-8.47647,167
GA-MR26,Portela,,,,,41.98971,-8.47647,167
,,,,GA-MR27,Ponte de Naia,42.00509,-8.49366,91
GA-MR27,Ponte de Naia,,,,,42.00509,-8.49366,91
,,,,GA-MR28,Lapa,42.00915,-8.50011,95
GA-MR28,Lapa,,,,,42.00915,-8.50011,95
,,,,.,,42.01046,-8.50684,91
,,,,.,,42.01466,-8.50296,80
,,,,GA-MR29,Pias,42.01664,-8.50720,102
GA-MR29,Pias,,,,,42.01664,-8.50720,102
,,,,.,,42.01828,-8.50256,78
,,,,GA-MR30,Pias de Baixo,42.02231,-8.50430,80
GA-MR30,Pias de Baixo,,,,,42.02231,-8.50430,80
,,,,.,,42.02754,-8.50051,56
,,,,GA-MR31,Alderiz,42.03014,-8.50499,63
GA-MR31,Alderiz,,,,,42.03014,-8.50499,63
,,,,.,,42.03473,-8.50679,53
,,,,.,,42.03839,-8.50373,56
,,,,GA-MR32,Pinheiros,42.03770,-8.50223,47
GA-MR32,Pinheiros,,,,,42.03770,-8.50223,47
,,GA-MR32-1,Palácio da Brejoeira,,,42.04173,-8.49432,68
,,,,.,,42.04045,-8.49610,69
,,,,.,,42.05060,-8.49890,73
,,,,.,,42.05426,-8.50694,36
,,,,GA-MR33,Troporiz,42.05698,-8.52159,63
GA-MR33,Troporiz,,,,,42.05698,-8.52159,63
,,GA-MR33-1,Ponte Metálica do rio Gadanha,,,42.06120,-8.52646,11
,,,,.,,42.05954,-8.52008,35
,,,,.,,42.06123,-8.52602,19
,,,,.,,42.06391,-8.52300,30
,,,,GA-MR34,Redonda,42.06649,-8.52384,27
GA-MR34,Redonda,,,,,42.06649,-8.52384,27
,,,,.,,42.07507,-8.51869,36
,,,,.,,42.07646,-8.50029,32
,,,,GA-MR35,Barca/Salvaterra de Miño,42.07785,-8.49718,13
GA-MR35,Barca/Salvaterra de Miño,,,,,42.07785,-8.49718,13
,,GA-MR35-1,Castelo de Salvaterra,,,42.08104,-8.49680,28
,,,,.,,42.08043,-8.48501,10
,,,,GA-MR36,Monção,42.07839,-8.48142,34
GA-MR36,Monção,,,,,42.07839,-8.48142,34
,,GA-MR36-1,Fortaleza de Monção,,,42.07951,-8.48489,25
,,,,GA-MR37,Ruivos,42.07838,-8.44419,28
GA-MR37,Ruivos,,,,,42.07838,-8.44419,28
,,,,GA-MR38,Mato,42.06595,-8.43173,58
GA-MR38,Mato,,,,,42.06595,-8.43173,58
,,,,.,,42.05926,-8.42715,86
,,,,GA-MR39,Burgo,42.05931,-8.41828,91
GA-MR39,Burgo,,,,,42.05931,-8.41828,91
,,,,.,,42.05824,-8.41153,140
,,,,.,,42.06166,-8.41022,123
,,,,GA-MR40,Santiago,42.06305,-8.40453,116
GA-MR40,Santiago,,,,,42.06305,-8.40453,116
,,,,.,,42.07027,-8.40506,76
,,,,GA-MR41,Barrio Alto,42.07316,-8.40176,68
GA-MR41,Barrio Alto,,,,,42.07316,-8.40176,68
,,,,GA-MR42,Ponte de Mouro,42.07451,-8.39399,31
GA-MR42,Ponte de Mouro,,,,,42.07451,-8.39399,31
,,GA-MR42-1,Cruzeiro de Nossa Senhora da Soledade,,,42.07457,-8.39600,40
,,GA-MR42-2,Ponte de Mouro,,,42.07483,-8.39420,29
,,GA-MR42-3,Praia Fluvial da Ponte Do Mouro,,,42.07349,-8.39508,21
,,,,.,,42.07095,-8.38820,55
,,,,GA-MR43,Valinha,42.07235,-8.38403,80
GA-MR43,Valinha,,,,,42.07235,-8.38403,80
,,,,.,,42.07381,-8.37218,54
,,,,GA-MR44,Cachada,42.07848,-8.36877,82
GA-MR44,Cachada,,,,,42.07848,-8.36877,82
,,,,GA-MR45,Valadares,42.07448,-8.36340,97
GA-MR45,Valadares,,,,,42.07448,-8.36340,97
,,GA-MR45-1,Casa da Amiosa,,,42.07676,-8.35907,87
,,,,GA-MR46,Sá,42.07526,-8.35171,157
GA-MR46,Sá,,,,,42.07526,-8.35171,157
,,,,.,,42.07794,-8.34921,164
,,,,.,,42.07678,-8.34545,163
,,,,.,,42.07932,-8.34226,141
,,,,GA-MR47,Pomar,42.07640,-8.33278,168
GA-MR47,Pomar,,,,,42.07640,-8.33278,168
,,,,GA-MR48,Mós,42.07832,-8.32550,132
GA-MR48,Mós,,,,,42.07832,-8.32550,132
,,,,GA-MR49,Penso,42.08167,-8.32192,170
GA-MR49,Penso,,,,,42.08167,-8.32192,170
,,,,GA-MR50,Felgeiras,42.08587,-8.31246,159
GA-MR50,Felgeiras,,,,,42.08587,-8.31246,159
,,,,.,,42.09127,-8.30365,140
,,,,.,,42.09257,-8.29555,188
,,,,.,,42.08759,-8.27864,196
,,,,GA-MR51,Paderne,42.08951,-8.27517,224
GA-MR51,Paderne,,,,,42.08951,-8.27517,224
,,GA-MR51-1,Mosteiro de São Salvador de Paderne,,,42.08991,-8.27398,217
,,,,GA-MR52,Peso,42.10523,-8.28652,72
GA-MR52,Peso,,,,,42.10523,-8.28652,72
,,GA-MR52-1,Jardim das Termas de Melgaço,,,42.10609,-8.28396,64
,,GA-MR53-2,Termas do Peso,,,42.10640,-8.28204,60
,,,,.,,42.11336,-8.28528,44
,,,,.,,42.11839,-8.27952,79
,,,,.,,42.11729,-8.27719,85
,,,,.,,42.12269,-8.27295,73
,,,,.,,42.12186,-8.27295,100
,,,,.,,42.11560,-8.26850,94
,,,,GA-MR53,Melgaço,42.11396,-8.25972,186
GA-MR53,Melgaço,,,,,42.11396,-8.25972,186
,,AG-MR53-1,Castelo de Melgaço,,,42.11470,-8.25987,182
,,,,.,,42.12185,-8.25115,209
,,,,GA-MR54,Barraco,42.13054,-8.25034,137
GA-MR54,Barraco,,,,,42.13054,-8.25034,137
,,,,.,,42.13586,-8.24843,95
,,,,GA-MR55,Capela de N. Sra. da Conceição,42.13590,-8.24209,140
GA-MR55,Capela de N. Sra. da Conceição,,,,,42.13590,-8.24209,140
,,,,.,,42.13105,-8.22643,96
,,,,GA-MR56,Granjas,42.13146,-8.22081,110
GA-MR56,Granjas,,,,,42.13146,-8.22081,110
,,,,GA-MR57,Sá,42.13405,-8.21369,130
GA-MR57,Sá,,,,,42.13405,-8.21369,130
,,,,GA-MR58,Beleco e Ázere,42.13709,-8.20636,159
GA-MR58,Beleco e Ázere,,,,,42.13709,-8.20636,159
,,,,GA-MR59,Casais,42.14429,-8.20082,104
GA-MR59,Casais,,,,,42.14429,-8.20082,104
,,,,GA-MR60,Cevide,42.15267,-8.19807,78
GA-MR60,Cevide,,,,,42.15267,-8.19807,78
,,GA-MR60-1,Homenagem ao Contrabandista,,,42.15288,-8.19805,75
,,,,GA-MR61,Tarendo,42.15148,-8.19398,106
GA-MR61,Tarendo,,,,,42.15148,-8.19398,106
,,,,GA-MR62,Requeiro,42.15284,-8.18975,109
GA-MR62,Requeiro,,,,,42.15284,-8.18975,109
,,,,GA-MR63,A Agra,42.15261,-8.18249,202
GA-MR63,A Agra,,,,,42.15261,-8.18249,202
,,,,GA-MR64,O Condado,42.16348,-8.17189,154
GA-MR64,O Condado,,,,,42.16348,-8.17189,154
,,,,GA-MR65,Espiñáns,42.16903,-8.16756,166
GA-MR65,Espiñáns,,,,,42.16903,-8.16756,166
,,,,GA-GA44,Trado,42.17637,-8.15468,216
